timestamp,country,fuel_type,price,currency,unit,date,source
2026-09-26 16:06:39,US,petrol,4.337,USD,USD/gallon,2026-09-21,https://www.eia.gov/petroleum/gasdiesel/
2026-09-26 16:06:39,US,diesel,6.529,USD,USD/gallon,2026-09-21,https://www.eia.gov/petroleum/gasdiesel/
2026-09-26 16:12:47,US,petrol,4.337,USD,USD/gallon,2026-09-21,https://www.eia.gov/petroleum/gasdiesel/
2026-09-26 16:12:47,US,diesel,6.529,USD,USD/gallon,2026-09-21,https://www.eia.gov/petroleum/gasdiesel/
2026-09-26 16:22:09,US,petrol,4.337,USD,USD/gallon,2026-09-21,https://www.eia.gov/petroleum/gasdiesel/
2026-09-26 16:22:09,US,diesel,6.529,USD,USD/gallon,2026-09-21,https://www.eia.gov/petroleum/gasdiesel/
2026-09-26 16:33:18,US,petrol,4.337,USD,USD/gallon,2026-09-21,https://www.eia.gov/petroleum/gasdiesel/
2026-09-26 16:33:18,US,diesel,6.529,USD,USD/gallon,2026-09-21,https://www.eia.gov/petroleum/gasdiesel/
2026-09-26 20:22:08,US,petrol,4.337,USD,USD/gallon,2026-09-21,https://www.eia.gov/petroleum/gasdiesel/
2026-09-26 20:22:08,US,diesel,6.529,USD,USD/gallon,2026-09-21,https://www.eia.gov/petroleum/gasdiesel/
2026-09-27 00:22:08,US,petrol,4.337,USD,USD/gallon,2026-09-21,https://www.eia.gov/petroleum/gasdiesel/
2026-09-27 00:22:08,US,diesel,6.529,USD,USD/gallon,2026-09-21,https://www.eia.gov/petroleum/gasdiesel/
2026-09-27 04:22:22,US,petrol,4.337,USD,USD/gallon,2026-09-21,https://www.eia.gov/petroleum/gasdiesel/
2026-09-27 04:22:22,US,diesel,6.529,USD,USD/gallon,2026-09-21,https://www.eia.gov/petroleum/gasdiesel/
2026-09-27 08:22:07,US,petrol,4.337,USD,USD/gallon,2026-09-21,https://www.eia.gov/petroleum/gasdiesel/
2026-09-27 08:22:07,US,diesel,6.529,USD,USD/gallon,2026-09-21,https://www.eia.gov/petroleum/gasdiesel/
2026-09-27 12:22:07,US,petrol,4.337,USD,USD/gallon,2026-09-21,https://www.eia.gov/petroleum/gasdiesel/
2026-09-27 12:22:07,US,diesel,6.529,USD,USD/gallon,2026-09-21,https://www.eia.gov/petroleum/gasdiesel/
2026-09-27 16:22:07,US,petrol,4.337,USD,USD/gallon,2026-09-21,https://www.eia.gov/petroleum/gasdiesel/
2026-09-27 16:22:07,US,diesel,6.529,USD,USD/gallon,2026-09-21,https://www.eia.gov/petroleum/gasdiesel/
2026-09-27 20:22:07,US,petrol,4.337,USD,USD/gallon,2026-09-21,https://www.eia.gov/petroleum/gasdiesel/
2026-09-27 20:22:07,US,diesel,6.529,USD,USD/gallon,2026-09-21,https://www.eia.gov/petroleum/gasdiesel/
2026-09-28 00:22:08,US,petrol,4.337,USD,USD/gallon,2026-09-21,https://www.eia.gov/petroleum/gasdiesel/
2026-09-28 00:22:08,US,diesel,6.529,USD,USD/gallon,2026-09-21,https://www.eia.gov/petroleum/gasdiesel/
2026-09-28 04:22:07,US,petrol,4.337,USD,USD/gallon,2026-09-21,https://www.eia.gov/petroleum/gasdiesel/
2026-09-28 04:22:07,US,diesel,6.529,USD,USD/gallon,2026-09-21,https://www.eia.gov/petroleum/gasdiesel/
2026-09-28 08:22:06,US,petrol,4.337,USD,USD/gallon,2026-09-21,https://www.eia.gov/petroleum/gasdiesel/
2026-09-28 08:22:06,US,diesel,6.529,USD,USD/gallon,2026-09-21,https://www.eia.gov/petroleum/gasdiesel/
2026-09-28 12:22:07,US,petrol,4.337,USD,USD/gallon,2026-09-21,https://www.eia.gov/petroleum/gasdiesel/
2026-09-28 12:22:07,US,diesel,6.529,USD,USD/gallon,2026-09-21,https://www.eia.gov/petroleum/gasdiesel/
2026-09-28 16:22:06,US,petrol,4.337,USD,USD/gallon,2026-09-21,https://www.eia.gov/petroleum/gasdiesel/
2026-09-28 16:22:06,US,diesel,6.529,USD,USD/gallon,2026-09-21,https://www.eia.gov/petroleum/gasdiesel/
2026-09-28 20:22:08,US,petrol,4.337,USD,USD/gallon,2026-09-21,https://www.eia.gov/petroleum/gasdiesel/
2026-09-28 20:22:08,US,diesel,6.529,USD,USD/gallon,2026-09-21,https://www.eia.gov/petroleum/gasdiesel/
2026-09-29 00:22:07,US,petrol,4.337,USD,USD/gallon,2026-09-21,https://www.eia.gov/petroleum/gasdiesel/
2026-09-29 00:22:07,US,diesel,6.529,USD,USD/gallon,2026-09-21,https://www.eia.gov/petroleum/gasdiesel/
2026-09-29 04:22:06,US,petrol,4.337,USD,USD/gallon,2026-09-21,https://www.eia.gov/petroleum/gasdiesel/
2026-09-29 04:22:06,US,diesel,6.529,USD,USD/gallon,2026-09-21,https://www.eia.gov/petroleum/gasdiesel/
2026-09-29 08:22:07,US,petrol,4.337,USD,USD/gallon,2026-09-21,https://www.eia.gov/petroleum/gasdiesel/
2026-09-29 08:22:07,US,diesel,6.529,USD,USD/gallon,2026-09-21,https://www.eia.gov/petroleum/gasdiesel/
2026-09-29 12:22:07,US,petrol,4.337,USD,USD/gallon,2026-09-21,https://www.eia.gov/petroleum/gasdiesel/
2026-09-29 12:22:07,US,diesel,6.529,USD,USD/gallon,2026-09-21,https://www.eia.gov/petroleum/gasdiesel/
2026-09-29 16:22:06,US,petrol,4.309,USD,USD/gallon,2026-09-28,https://www.eia.gov/petroleum/gasdiesel/
2026-09-29 16:22:06,US,diesel,6.382,USD,USD/gallon,2026-09-28,https://www.eia.gov/petroleum/gasdiesel/
2026-09-29 20:22:07,US,petrol,4.309,USD,USD/gallon,2026-09-28,https://www.eia.gov/petroleum/gasdiesel/
2026-09-29 20:22:07,US,diesel,6.382,USD,USD/gallon,2026-09-28,https://www.eia.gov/petroleum/gasdiesel/
2026-09-30 00:22:07,US,petrol,4.309,USD,USD/gallon,2026-09-28,https://www.eia.gov/petroleum/gasdiesel/
2026-09-30 00:22:07,US,diesel,6.382,USD,USD/gallon,2026-09-28,https://www.eia.gov/petroleum/gasdiesel/
2026-09-30 04:22:08,US,petrol,4.309,USD,USD/gallon,2026-09-28,https://www.eia.gov/petroleum/gasdiesel/
2026-09-30 04:22:08,US,diesel,6.382,USD,USD/gallon,2026-09-28,https://www.eia.gov/petroleum/gasdiesel/
2026-09-30 08:22:07,US,petrol,4.309,USD,USD/gallon,2026-09-28,https://www.eia.gov/petroleum/gasdiesel/
2026-09-30 08:22:07,US,diesel,6.382,USD,USD/gallon,2026-09-28,https://www.eia.gov/petroleum/gasdiesel/
2026-09-30 12:22:07,US,petrol,4.309,USD,USD/gallon,2026-09-28,https://www.eia.gov/petroleum/gasdiesel/
2026-09-30 12:22:07,US,diesel,6.382,USD,USD/gallon,2026-09-28,https://www.eia.gov/petroleum/gasdiesel/
2026-09-30 16:22:08,US,petrol,4.309,USD,USD/gallon,2026-09-28,https://www.eia.gov/petroleum/gasdiesel/
2026-09-30 16:22:08,US,diesel,6.382,USD,USD/gallon,2026-09-28,https://www.eia.gov/petroleum/gasdiesel/
2026-09-30 20:22:08,US,petrol,4.309,USD,USD/gallon,2026-09-28,https://www.eia.gov/petroleum/gasdiesel/
2026-09-30 20:22:08,US,diesel,6.382,USD,USD/gallon,2026-09-28,https://www.eia.gov/petroleum/gasdiesel/
2026-10-01 00:22:07,US,petrol,4.309,USD,USD/gallon,2026-09-28,https://www.eia.gov/petroleum/gasdiesel/
2026-10-01 00:22:07,US,diesel,6.382,USD,USD/gallon,2026-09-28,https://www.eia.gov/petroleum/gasdiesel/
2026-10-01 04:22:07,US,petrol,4.309,USD,USD/gallon,2026-09-28,https://www.eia.gov/petroleum/gasdiesel/
2026-10-01 04:22:07,US,diesel,6.382,USD,USD/gallon,2026-09-28,https://www.eia.gov/petroleum/gasdiesel/
2026-10-01 08:22:07,US,petrol,4.309,USD,USD/gallon,2026-09-28,https://www.eia.gov/petroleum/gasdiesel/
2026-10-01 08:22:07,US,diesel,6.382,USD,USD/gallon,2026-09-28,https://www.eia.gov/petroleum/gasdiesel/
2026-10-01 12:22:08,US,petrol,4.309,USD,USD/gallon,2026-09-28,https://www.eia.gov/petroleum/gasdiesel/
2026-10-01 12:22:08,US,diesel,6.382,USD,USD/gallon,2026-09-28,https://www.eia.gov/petroleum/gasdiesel/
2026-10-01 16:22:07,US,petrol,4.309,USD,USD/gallon,2026-09-28,https://www.eia.gov/petroleum/gasdiesel/
2026-10-01 16:22:07,US,diesel,6.382,USD,USD/gallon,2026-09-28,https://www.eia.gov/petroleum/gasdiesel/
2026-10-01 20:22:07,US,petrol,4.309,USD,USD/gallon,2026-09-28,https://www.eia.gov/petroleum/gasdiesel/
2026-10-01 20:22:07,US,diesel,6.382,USD,USD/gallon,2026-09-28,https://www.eia.gov/petroleum/gasdiesel/
2026-10-02 00:22:07,US,petrol,4.309,USD,USD/gallon,2026-09-28,https://www.eia.gov/petroleum/gasdiesel/
2026-10-02 00:22:07,US,diesel,6.382,USD,USD/gallon,2026-09-28,https://www.eia.gov/petroleum/gasdiesel/
2026-10-02 04:22:07,US,petrol,4.309,USD,USD/gallon,2026-09-28,https://www.eia.gov/petroleum/gasdiesel/
2026-10-02 04:22:07,US,diesel,6.382,USD,USD/gallon,2026-09-28,https://www.eia.gov/petroleum/gasdiesel/
2026-10-02 08:22:07,US,petrol,4.309,USD,USD/gallon,2026-09-28,https://www.eia.gov/petroleum/gasdiesel/
2026-10-02 08:22:07,US,diesel,6.382,USD,USD/gallon,2026-09-28,https://www.eia.gov/petroleum/gasdiesel/
2026-10-02 12:22:06,US,petrol,4.309,USD,USD/gallon,2026-09-28,https://www.eia.gov/petroleum/gasdiesel/
2026-10-02 12:22:06,US,diesel,6.382,USD,USD/gallon,2026-09-28,https://www.eia.gov/petroleum/gasdiesel/
2026-10-02 16:22:07,US,petrol,4.309,USD,USD/gallon,2026-09-28,https://www.eia.gov/petroleum/gasdiesel/
2026-10-02 16:22:07,US,diesel,6.382,USD,USD/gallon,2026-09-28,https://www.eia.gov/petroleum/gasdiesel/
2026-10-02 20:22:07,US,petrol,4.309,USD,USD/gallon,2026-09-28,https://www.eia.gov/petroleum/gasdiesel/
2026-10-02 20:22:07,US,diesel,6.382,USD,USD/gallon,2026-09-28,https://www.eia.gov/petroleum/gasdiesel/
2026-10-03 00:22:08,US,petrol,4.309,USD,USD/gallon,2026-09-28,https://www.eia.gov/petroleum/gasdiesel/
2026-10-03 00:22:08,US,diesel,6.382,USD,USD/gallon,2026-09-28,https://www.eia.gov/petroleum/gasdiesel/
2026-10-03 04:22:07,US,petrol,4.309,USD,USD/gallon,2026-09-28,https://www.eia.gov/petroleum/gasdiesel/
2026-10-03 04:22:07,US,diesel,6.382,USD,USD/gallon,2026-09-28,https://www.eia.gov/petroleum/gasdiesel/
2026-10-03 08:22:07,US,petrol,4.309,USD,USD/gallon,2026-09-28,https://www.eia.gov/petroleum/gasdiesel/
2026-10-03 08:22:07,US,diesel,6.382,USD,USD/gallon,2026-09-28,https://www.eia.gov/petroleum/gasdiesel/
2026-10-03 12:22:07,US,petrol,4.309,USD,USD/gallon,2026-09-28,https://www.eia.gov/petroleum/gasdiesel/
2026-10-03 12:22:07,US,diesel,6.382,USD,USD/gallon,2026-09-28,https://www.eia.gov/petroleum/gasdiesel/
2026-10-03 16:22:07,US,petrol,4.309,USD,USD/gallon,2026-09-28,https://www.eia.gov/petroleum/gasdiesel/
2026-10-03 16:22:07,US,diesel,6.382,USD,USD/gallon,2026-09-28,https://www.eia.gov/petroleum/gasdiesel/
2026-10-03 20:22:07,US,petrol,4.309,USD,USD/gallon,2026-09-28,https://www.eia.gov/petroleum/gasdiesel/
2026-10-03 20:22:07,US,diesel,6.382,USD,USD/gallon,2026-09-28,https://www.eia.gov/petroleum/gasdiesel/
2026-10-04 00:22:07,US,petrol,4.309,USD,USD/gallon,2026-09-28,https://www.eia.gov/petroleum/gasdiesel/
2026-10-04 00:22:07,US,diesel,6.382,USD,USD/gallon,2026-09-28,https://www.eia.gov/petroleum/gasdiesel/
2026-10-04 04:22:34,US,petrol,4.309,USD,USD/gallon,2026-09-28,https://www.eia.gov/petroleum/gasdiesel/
2026-10-04 04:22:34,US,diesel,6.382,USD,USD/gallon,2026-09-28,https://www.eia.gov/petroleum/gasdiesel/
2026-10-04 08:22:07,US,petrol,4.309,USD,USD/gallon,2026-09-28,https://www.eia.gov/petroleum/gasdiesel/
2026-10-04 08:22:07,US,diesel,6.382,USD,USD/gallon,2026-09-28,https://www.eia.gov/petroleum/gasdiesel/
2026-10-04 12:22:07,US,petrol,4.309,USD,USD/gallon,2026-09-28,https://www.eia.gov/petroleum/gasdiesel/
2026-10-04 12:22:07,US,diesel,6.382,USD,USD/gallon,2026-09-28,https://www.eia.gov/petroleum/gasdiesel/
2026-10-04 16:22:07,US,petrol,4.309,USD,USD/gallon,2026-09-28,https://www.eia.gov/petroleum/gasdiesel/
2026-10-04 16:22:07,US,diesel,6.382,USD,USD/gallon,2026-09-28,https://www.eia.gov/petroleum/gasdiesel/
2026-10-04 20:22:08,US,petrol,4.309,USD,USD/gallon,2026-09-28,https://www.eia.gov/petroleum/gasdiesel/
2026-10-04 20:22:08,US,diesel,6.382,USD,USD/gallon,2026-09-28,https://www.eia.gov/petroleum/gasdiesel/
2026-10-05 00:22:07,US,petrol,4.309,USD,USD/gallon,2026-09-28,https://www.eia.gov/petroleum/gasdiesel/
2026-10-05 00:22:07,US,diesel,6.382,USD,USD/gallon,2026-09-28,https://www.eia.gov/petroleum/gasdiesel/
2026-10-05 04:22:07,US,petrol,4.309,USD,USD/gallon,2026-09-28,https://www.eia.gov/petroleum/gasdiesel/
2026-10-05 04:22:07,US,diesel,6.382,USD,USD/gallon,2026-09-28,https://www.eia.gov/petroleum/gasdiesel/
2026-10-05 08:22:06,US,petrol,4.309,USD,USD/gallon,2026-09-28,https://www.eia.gov/petroleum/gasdiesel/
2026-10-05 08:22:06,US,diesel,6.382,USD,USD/gallon,2026-09-28,https://www.eia.gov/petroleum/gasdiesel/
2026-10-05 12:22:07,US,petrol,4.309,USD,USD/gallon,2026-09-28,https://www.eia.gov/petroleum/gasdiesel/
2026-10-05 12:22:07,US,diesel,6.382,USD,USD/gallon,2026-09-28,https://www.eia.gov/petroleum/gasdiesel/
2026-10-05 16:22:07,US,petrol,4.309,USD,USD/gallon,2026-09-28,https://www.eia.gov/petroleum/gasdiesel/
2026-10-05 16:22:07,US,diesel,6.382,USD,USD/gallon,2026-09-28,https://www.eia.gov/petroleum/gasdiesel/
2026-10-05 20:22:06,US,petrol,4.309,USD,USD/gallon,2026-09-28,https://www.eia.gov/petroleum/gasdiesel/
2026-10-05 20:22:06,US,diesel,6.382,USD,USD/gallon,2026-09-28,https://www.eia.gov/petroleum/gasdiesel/
2026-10-06 00:22:07,US,petrol,4.309,USD,USD/gallon,2026-09-28,https://www.eia.gov/petroleum/gasdiesel/
2026-10-06 00:22:07,US,diesel,6.382,USD,USD/gallon,2026-09-28,https://www.eia.gov/petroleum/gasdiesel/
2026-10-06 04:22:07,US,petrol,4.309,USD,USD/gallon,2026-09-28,https://www.eia.gov/petroleum/gasdiesel/
2026-10-06 04:22:07,US,diesel,6.382,USD,USD/gallon,2026-09-28,https://www.eia.gov/petroleum/gasdiesel/
2026-10-06 08:22:07,US,petrol,4.309,USD,USD/gallon,2026-09-28,https://www.eia.gov/petroleum/gasdiesel/
2026-10-06 08:22:07,US,diesel,6.382,USD,USD/gallon,2026-09-28,https://www.eia.gov/petroleum/gasdiesel/
2026-10-06 12:22:07,US,petrol,4.309,USD,USD/gallon,2026-09-28,https://www.eia.gov/petroleum/gasdiesel/
2026-10-06 12:22:07,US,diesel,6.382,USD,USD/gallon,2026-09-28,https://www.eia.gov/petroleum/gasdiesel/
2026-10-06 16:22:08,US,petrol,4.157,USD,USD/gallon,2026-10-05,https://www.eia.gov/petroleum/gasdiesel/
2026-10-06 16:22:08,US,diesel,6.199,USD,USD/gallon,2026-10-05,https://www.eia.gov/petroleum/gasdiesel/
2026-10-06 20:22:09,US,petrol,4.157,USD,USD/gallon,2026-10-05,https://www.eia.gov/petroleum/gasdiesel/
2026-10-06 20:22:09,US,diesel,6.199,USD,USD/gallon,2026-10-05,https://www.eia.gov/petroleum/gasdiesel/
2026-10-07 00:22:07,US,petrol,4.157,USD,USD/gallon,2026-10-05,https://www.eia.gov/petroleum/gasdiesel/
2026-10-07 00:22:07,US,diesel,6.199,USD,USD/gallon,2026-10-05,https://www.eia.gov/petroleum/gasdiesel/
2026-10-07 04:22:08,US,petrol,4.157,USD,USD/gallon,2026-10-05,https://www.eia.gov/petroleum/gasdiesel/
2026-10-07 04:22:08,US,diesel,6.199,USD,USD/gallon,2026-10-05,https://www.eia.gov/petroleum/gasdiesel/
2026-10-07 08:22:07,US,petrol,4.157,USD,USD/gallon,2026-10-05,https://www.eia.gov/petroleum/gasdiesel/
2026-10-07 08:22:07,US,diesel,6.199,USD,USD/gallon,2026-10-05,https://www.eia.gov/petroleum/gasdiesel/
2026-10-07 12:22:07,US,petrol,4.157,USD,USD/gallon,2026-10-05,https://www.eia.gov/petroleum/gasdiesel/
2026-10-07 12:22:07,US,diesel,6.199,USD,USD/gallon,2026-10-05,https://www.eia.gov/petroleum/gasdiesel/
