timestamp,job,status,records_fetched
2026-05-01 13:20:36,fetch_live,success,16
2026-05-01 13:27:20,fetch_live,success,19
2026-05-01 14:38:43,fetch_live,success,17
2026-05-01 15:07:25,fetch_live,success,17
2026-05-01 15:09:17,fetch_live,success,17
2026-05-01 15:34:52,fetch_live,success,17
2026-05-01 16:02:46,fetch_live,success,17
2026-05-01 16:33:04,fetch_live,success,17
2026-05-01 17:02:56,fetch_live,success,17
2026-05-01 17:33:25,fetch_live,success,17
2026-05-01 18:03:11,fetch_live,success,17
2026-05-01 18:36:41,fetch_live,success,17
2026-05-01 19:07:00,fetch_live,success,17
2026-05-01 19:42:04,fetch_live,success,17
2026-05-01 20:12:02,fetch_live,success,17
2026-05-01 20:37:59,fetch_live,success,17
2026-05-01 21:04:43,fetch_live,success,17
2026-05-01 21:30:36,fetch_live,success,17
2026-05-01 22:00:36,fetch_live,success,17
2026-05-01 22:30:06,fetch_live,success,17
2026-05-01 22:55:02,fetch_live,success,17
2026-05-01 23:23:28,fetch_live,success,17
2026-05-01 23:49:47,fetch_live,success,17
2026-05-02 00:11:36,fetch_live,success,17
2026-05-02 01:08:09,fetch_live,success,17
2026-05-02 01:55:13,fetch_live,success,17
2026-05-02 03:14:11,fetch_live,success,17
2026-05-02 04:27:09,fetch_live,success,17
2026-05-02 05:26:40,fetch_live,success,17
2026-05-02 06:18:29,fetch_live,success,17
2026-05-02 07:05:37,fetch_live,success,17
2026-05-02 07:49:09,fetch_live,success,17
2026-05-02 08:23:48,fetch_live,success,17
2026-05-02 08:54:27,fetch_live,success,17
2026-05-02 09:31:24,fetch_live,success,17
2026-05-02 10:02:42,fetch_live,success,17
2026-05-02 10:30:14,fetch_live,success,17
2026-05-02 10:55:42,fetch_live,success,17
2026-05-02 11:22:27,fetch_live,success,17
2026-05-02 11:48:26,fetch_live,success,17
2026-05-02 12:08:34,fetch_live,success,17
2026-05-02 12:34:08,fetch_live,success,17
2026-05-02 13:04:42,fetch_live,success,17
2026-05-02 13:44:27,fetch_live,success,17
2026-05-02 14:13:57,fetch_live,success,17
2026-05-02 14:37:56,fetch_live,success,17
2026-05-02 15:03:13,fetch_live,success,17
2026-05-02 15:29:00,fetch_live,success,17
2026-05-02 15:53:36,fetch_live,success,17
2026-05-02 16:22:39,fetch_live,success,17
2026-05-02 16:49:01,fetch_live,success,17
2026-05-02 17:11:28,fetch_live,success,17
2026-05-02 17:36:12,fetch_live,success,17
2026-05-02 18:00:21,fetch_live,success,17
2026-05-02 18:31:33,fetch_live,success,17
2026-05-02 19:03:36,fetch_live,success,17
2026-05-02 19:34:25,fetch_live,success,17
2026-05-02 19:57:44,fetch_live,success,17
2026-05-02 20:20:35,fetch_live,success,17
2026-05-02 20:48:17,fetch_live,success,17
2026-05-02 21:08:27,fetch_live,success,17
2026-05-02 21:27:30,fetch_live,success,17
2026-05-02 21:50:52,fetch_live,success,17
2026-05-02 22:18:33,fetch_live,success,17
2026-05-02 22:39:08,fetch_live,success,17
2026-05-02 23:02:59,fetch_live,success,17
2026-05-02 23:27:05,fetch_live,success,17
2026-05-02 23:51:05,fetch_live,success,17
2026-05-03 01:00:57,fetch_live,success,17
2026-05-03 01:50:56,fetch_live,success,17
2026-05-03 03:15:50,fetch_live,success,17
2026-05-03 04:36:35,fetch_live,success,17
2026-05-03 05:45:30,fetch_live,success,17
2026-05-03 06:41:36,fetch_live,success,17
2026-05-03 07:31:33,fetch_live,success,17
2026-05-03 08:19:04,fetch_live,success,17
2026-05-03 08:59:08,fetch_live,success,17
